Abdominal and Rib pain Guess what is the Cause and how to treat?,https://www.youtube.com/watch?v=4_sTej7shfw,,,,
F / U after 5 min  of neuromuscular tech. Iliocostalis muscle spasmDr Salem DPT NYC,https://www.youtube.com/watch?v=VEKxO4qcHBk,,,,
Tennis Elbow Treatment WITH MWM by Dr Salem DPT BROOKLYN NY,https://www.youtube.com/watch?v=GSs_aEs0kj4,,,,
4-Sep,2020,https://www.youtube.com/watch?v=GcaMsudr9Po,,,
Dr. Abdelrahman Salem Doctor of Physical Therapy Brooklyn NY,https://www.youtube.com/watch?v=_Q5fpIOXDn4,,,,
TREATMENT Of Ankle and foot pain AFTER injury with Dr. Salem,https://www.youtube.com/watch?v=E_mCiF1oz9c,,,,
Twitches in the face muscles treated  successfully with Physical Therspy,https://www.youtube.com/watch?v=5kF1a45bQTo,,,,
Low back pain at the job due to rotation, treatment,https://www.youtube.com/watch?v=9IH_8bYxDuU,,,
Dr.Salem and Dr.Salama Physical Therapy at Brooklyn Office,https://www.youtube.com/watch?v=nJJ8ZRJ5wpU,,,,
Dr. Abdelrahman  SALEM PHYSICAL  BROOKLYN NY,https://www.youtube.com/watch?v=8lBC6oNULD8,,,,
                   .,https://www.youtube.com/watch?v=MN8CFvnWnj8,,,,
     .          ,https://www.youtube.com/watch?v=4ej47jIdoZo,,,,
17-Jul,2017,https://www.youtube.com/watch?v=rhxaD5Ptl8Y,,,
Dr. Abdelrahman SALEM PHYSICAL THERAPY,https://www.youtube.com/watch?v=ARLMg5VpTo8,,,,
.      ,https://www.youtube.com/watch?v=lZnehwsnNsg,,,,
.       ,https://www.youtube.com/watch?v=rf6Pj7IgJDA,,,,
.        ,https://www.youtube.com/watch?v=Wq__q33UMNU,,,,
              ,,,,,
.  ,https://www.youtube.com/watch?v=fTpI7c8jgFM,,,,
           .       ,https://www.youtube.com/watch?v=xpsX4b9jo_E,,,,
Dr. Abdelrahman Salem DPT physical therapy Brooklyn NY,https://www.youtube.com/watch?v=qAxhSgLLHXA,,,,
           ,https://www.youtube.com/watch?v=iB9rfT34WDw,,,,
.      ,https://www.youtube.com/watch?v=ObnukoXfmE4,,,,
.      ,https://www.youtube.com/watch?v=7Uj5FzXv93A,,,,
.         ,https://www.youtube.com/watch?v=sLGdRS0YwG0,,,,
Dr.Abelrahman Salem DPT physical therapy Sheepshead Bay Brooklyn,https://www.youtube.com/watch?v=ngHOCK5NNXM,,,,
Dr. Abdelrahman Salem DPT, Physical Therapy Sheepshead Bay Brooklyn,https://www.youtube.com/watch?v=AG4XPenHevQ,,,
Dr.Abelrahman Salem DPT Physical Therapy Brooklyn Sheepshead Bay,https://www.youtube.com/watch?v=RWlHflzUvgk,,,,
Dr. ABDELRAHMAN SALEM DPT SHEEPSHEAD BROOKLYN PHYSICALTHERAPY,https://www.youtube.com/watch?v=q_aBQyDoAQ0,,,,
29-Sep,2016,https://www.youtube.com/watch?v=u9v9FTjTD9E,,,
Dr. Abdelrahman Salem DPT physical therapy Brooklyn,https://www.youtube.com/watch?v=GskyPG4NFzQ,,,,
Dr. Abdelrahman Salem DPT Sheepshead Bay Brooklyn,https://www.youtube.com/watch?v=zz_INcA1tQs,,,,
Dr. Abdelrahman Salem DPT. INTEGRATED REHAB AND PHYSICAL THERAPY , BROOKLYN ,BAYRIDGE ,CONEYISLAND,,https://www.youtube.com/watch?v=Qd5FZoJUg7M
Dr. Abdelrahman Salem DPT, Physical Therapy Knee pain , Sheepshead Bay, Coney Island Avenue Brooklyn,https://www.youtube.com/watch?v=ciV1EwjEnOI,
Dr. ABDELRAHMAN SALEM DPT BROOKLYN PHYSICAL THERAPY .Coney Island Avenue, Sheepshead Bay,BayRidge,https://www.youtube.com/watch?v=pfitTyTBkXM,,
.      .            ,https://www.youtube.com/watch?v=BCYfm_l0H3E,,,,
Physical therapy in Brooklyn Dr.Salem DPT at integrated Rehab Foot pain Client video testimonial,https://www.youtube.com/watch?v=0FjXOZf89I4,,,,
Integrated Rehab knee injury client  video testimonial in English and Arabic,https://www.youtube.com/watch?v=N4A2gxNvfVg,,,,
Integrated rehab patient thanks in Arabic,https://www.youtube.com/watch?v=ebeWItvc8mk,,,,
Integrated Rehab neck, back , arm, hand and foot pain client video testimonial,https://www.youtube.com/watch?v=PFnuNdwmOYo,
Hip pain, Patient video testimonial in English after, LUMBER mobilization,https://www.youtube.com/shorts/ukeBGfixwJQ,,
After Treatment of pain and Difficulty with Walking , patient video testimonial in Russian,https://www.youtube.com/shorts/gKHIuAqO2pY,,,
Pain and Difficulty with Walking treatment experience with Dr. Salem DPT , BROOKLYN NY,https://www.youtube.com/shorts/hpKF-s4JW1A,,,
         .    ,https://www.youtube.com/shorts/cWbJV_8yvxQ,,,,
Dr. Abdelrahman SALEM, Leg pain, Client Video testimonial,https://www.youtube.com/shorts/eaF1RxT_h2E,,
Shoulder pain, Severe hand and fingers pain, Elbow pain Patient video testimony in French,https://www.youtube.com/shorts/tkA_6cusNKE,,
Shoulder pain, Severe hand and fingers pain, Elbow pain Patient video testimony in Creole,https://www.youtube.com/shorts/Uq0wwSIEhaI,,
Dr. ABDELRAHMAN  SALEM DOCTOR OF PHYSICAL THERAPY BROOKLYN  NY,https://www.youtube.com/shorts/4MPmTMMT3Xo,,,,
Dr. ABDELRAHMAN SALEM DOCTOR OF PHYSICAL THERAPY BROOKLYN  NY,https://www.youtube.com/shorts/UEnBWII6kCo,,,,
Dr. ABDELRAHMANSALEM DOCTOR OF PHYSICAL THERAPY BROOKLYN NY,https://www.youtube.com/shorts/NceQBVS4q4M,,,,
19-Sep,2017,https://www.youtube.com/shorts/6X1tvS2trQ0,,,
2d,https://www.youtube.com/shorts/nVrpGoD6apU,,,,
Dr.Abdelrahman  Salem Doctor of Physical Therapy,https://www.youtube.com/shorts/aGyIrkqiruA,,,,
Dr. Abdelrahman Salem DPT physical therapy NYC,https://www.youtube.com/shorts/VmTzlUO_QmU,,,,
Dr. ABDELRAHMAN SALEM PHYSICAL THERAPY,https://www.youtube.com/shorts/cpMiIYm_yH4,,,,
Dr. ABDELRAHMAN SALEM PHYSICAL THERAPY ACUTE ANKLE INJURY CLIENT VIDEO TESTIMONIAL IN URDU,https://www.youtube.com/shorts/3ZW78g0pvVM,,,,
Dr. Abdelrahman Salem DPT physical Therapy Brooklyn NY Upper back severe upper back pain Client Y,https://www.youtube.com/shorts/rx_yNx4wBhE,,,,
.      ,https://www.youtube.com/shorts/-8WZNq9v268,,,,
Dr. Abdelrahman Salem DPT physical therapy Brooklyn NY,https://www.youtube.com/shorts/eVZPB7MI7bI,,,,
Dr.  Salem and Dr. Salama's Client video testimonial in English,https://www.youtube.com/shorts/uJ0oS-rC93o,,,,
DR.ABDELRAHMAN SALEM DPT PHYSICAL THERAPY BROOKLYN NY,https://www.youtube.com/shorts/XiHuRcJjmiw,,,,
Dr .Abdelrahman Salem DPT PHYSICAL THERAPY BROOKLYN NY,https://www.youtube.com/shorts/HrEvaonwnUM,,,,
Dr. Abdelrahman Salem DPT physical therapy Brooklyn NY,https://www.youtube.com/shorts/HyrGNKUNdFw,,,,
Dr. Abdelrahman Salem Doctor Physical Therapy Brooklyn NY,https://www.youtube.com/shorts/fyTZx_sMPvI,,,,
Dr. Abdelrahman Salem DPT physical Therapy Sheepshead Bay Brooklyn, ACUTE KNEE PAIN CLIENT VIDEO,https://www.youtube.com/shorts/kHn4ZHJTp64,,,
DR. ABDELRAHMAN SALEM DPT PHYSICAL THERAPY BAY RIDGE AVE,https://www.youtube.com/shorts/SE-73VLTGSU,,,,
Dr. Salem DPT physical therapy  Bay Ridge Ave,https://www.youtube.com/shorts/z2KEdnX4ku0,,,,
Dr. Abdelrahman Salem DPT physical therapy Brooklyn,https://www.youtube.com/shorts/yD6l4eKskMg,,,,
Dr. Abdelrahman Salem DPT  physical,https://www.youtube.com/shorts/wnlx6FZS7fA,,,,
.      ,https://www.youtube.com/shorts/MDcQ_tXyRCk,,,,
Dr. Abdelrahman Salem DPT physical therapy Sheepshead Bay Brooklyn,https://www.youtube.com/shorts/M2POUCxHLQ0,,,,
.   .   ,https://www.youtube.com/shorts/wO2fFpvzLY8,,,,
Dr. Abdelrahman Salem DPT physical therapy Sheepshead Bay Brooklyn,https://www.youtube.com/shorts/e1SDks41Dk0,,,,
Dr. Abdelrahman Salem DPT physical therapy Sheepshead Bay Brooklyn,https://www.youtube.com/shorts/IGZ9eNBhClY,,,,
Dr. Abdelrahman Salem DPT  PHYSICAL THERAPY SHEEPSHEAD BAY BROOKLYN,https://www.youtube.com/shorts/F9fGSVF6q7s,,,,
Dr. Abdelrahman Salem DPT physical therapy Sheepshead Bay Brooklyn,https://www.youtube.com/shorts/jtr6ON8i0XM,,,,
Dr. Abdelrahman Salem DPT physicaL therapy Brooklyn Sheepshead Bay,https://www.youtube.com/shorts/QLO0kCsEelw,,,,
Dr. Abdelrahman Salem DPT. Sheepshead Bay Brooklyn,https://www.youtube.com/shorts/Oe6pRRlbih4,,,,
Dr. Abdelrahman Salem DPT physical therapy Brooklyn,https://www.youtube.com/shorts/LPbGcKvUj8s,,,,
.     ,https://www.youtube.com/shorts/OaxJX-ETgM0,,,,
.   .  ,https://www.youtube.com/shorts/yYaiN2YFNx4,,,,
.   ..  ,https://www.youtube.com/shorts/L4aJREoYqQ8,,,,
Dr. Abdelrahman Salem DPT physical therapy Brooklyn Sheepshead Bay,https://www.youtube.com/shorts/dHIfsTsKgm0,,,,
Dr. Abdelrahman Salem DPT physical therapy Brooklyn Sheepshead,https://www.youtube.com/shorts/PdpE1mEhyP0,,,,
Dr. Abdelrahman Salem DPT,https://www.youtube.com/shorts/8rgIzX8CAVU,,,,
.    ,https://www.youtube.com/shorts/hY_ZtnOL4LI,,,,
Dr. Abdelrahman Salem DPT Sheepshead Bay ,BayRidge Ave and Coney Island ave Brooklyn. PhysicalTherap,https://www.youtube.com/shorts/3CQIuakaoBQ,,,
Dr. Abdelrahman Salem DPT Sheepshead physical therapy client video testimonial in urdu,https://www.youtube.com/shorts/CVroGtwQMYs,,,,
.   .  ,https://www.youtube.com/shorts/AlNQFG5n_i8,,,,
Dr. Abdelrahman Salem DPT Sheepshead,Coney IslandBayRidge,https://www.youtube.com/shorts/Kluqp43Z3tE,,,
Dr.Abelrahman Salem DPT Brooklyn,https://www.youtube.com/shorts/aqy4Wqqwe4g,,,,
.          .,https://www.youtube.com/shorts/7KWFpiRgBu0,,,,
Dr. Abdelrahman Salem DPT,https://www.youtube.com/shorts/N-tZ73y9Qo0,,,,
.    .  .       ,https://www.youtube.com/shorts/HyXrzGMkA7s,,,,
Dr.Abelrahman Salem DPT Brooklyn Physical Therapy Acute Back pain Client Video testimonial,https://www.youtube.com/shorts/F-VO80icz0U,,,,
Dr Abdrahman Salem DPT .physical therapy Brooklyn Sheepshead Bay, Coney Island Ave Bay Ridge,https://www.youtube.com/shorts/GVPsBmqGoww,,,
Dr Salem DPT Brooklyn NY physical therapy client video testimonial,https://www.youtube.com/shorts/DuwXbN5U-So,,,,
Physical therapy client video testimonial at integrated Rehab,https://www.youtube.com/shorts/NdJgaCd9OoU,,,,
Physical therapy client  video testimonial,https://www.youtube.com/shorts/t_z3SFijXBM,,,,
Foot pain client video testimonial,https://www.youtube.com/shorts/U6QMA8drH7k,,,,
Our Patient just recoverd!(Spanish),https://www.youtube.com/shorts/PBI_gcZN264,,,,
Our Patient just recoverd!,https://www.youtube.com/shorts/BfBx8Eq2Gkg,,,,
